<?xml version="1.0"?>
<!--<!DOCTYPE metadata SYSTEM "http://www.esri.com/metadata/esriprof80.dtd">-->
<metadata xml:lang="es"><Esri><CreaDate>20180425</CreaDate><CreaTime>15125600</CreaTime><SyncOnce>FALSE</SyncOnce><SyncDate>20170228</SyncDate><SyncTime>14421200</SyncTime><ModDate>20170228</ModDate><ModTime>14421200</ModTime><DataProperties><lineage><Process ToolSource="C:\Program Files\ArcGIS\ArcToolbox\Toolboxes\Conversion Tools.tbx\FeatureClassToFeatureClass" Date="20161116" Time="112856">FeatureClassToFeatureClass VC_1 "I:\COMUN DG\00 REGENERACION URBANA\01 DATASIG\DATOS MODELO MOVILIDAD\INFORMACIÓN\BICI\Vias_ciclistas_existentes\PROV.mdb\GIS" VC_1 # "LAYER 'LAYER' true true false 254 Text 0 0 ,First,#,I:\COMUN DG\00 REGENERACION URBANA\01 DATASIG\DATOS MODELO MOVILIDAD\INFORMACIÓN\BICI\Vias_ciclistas_existentes\VC_1.shp,LAYER,-1,-1;DOCNAME 'DOCNAME' true true false 254 Text 0 0 ,First,#,I:\COMUN DG\00 REGENERACION URBANA\01 DATASIG\DATOS MODELO MOVILIDAD\INFORMACIÓN\BICI\Vias_ciclistas_existentes\VC_1.shp,DOCNAME,-1,-1;LONGITUD 'LONGITUD' true true false 19 Double 0 0 ,First,#,I:\COMUN DG\00 REGENERACION URBANA\01 DATASIG\DATOS MODELO MOVILIDAD\INFORMACIÓN\BICI\Vias_ciclistas_existentes\VC_1.shp,LONGITUD,-1,-1;TIPO_VIA 'TIPO_VIA' true true false 25 Text 0 0 ,First,#,I:\COMUN DG\00 REGENERACION URBANA\01 DATASIG\DATOS MODELO MOVILIDAD\INFORMACIÓN\BICI\Vias_ciclistas_existentes\VC_1.shp,TIPO_VIA,-1,-1;REVISADO 'REVISADO' true true false 2 Text 0 0 ,First,#,I:\COMUN DG\00 REGENERACION URBANA\01 DATASIG\DATOS MODELO MOVILIDAD\INFORMACIÓN\BICI\Vias_ciclistas_existentes\VC_1.shp,REVISADO,-1,-1;SENTIDO 'SENTIDO' true true false 10 Text 0 0 ,First,#,I:\COMUN DG\00 REGENERACION URBANA\01 DATASIG\DATOS MODELO MOVILIDAD\INFORMACIÓN\BICI\Vias_ciclistas_existentes\VC_1.shp,SENTIDO,-1,-1;MADRID 'MADRID' true true false 2 Text 0 0 ,First,#,I:\COMUN DG\00 REGENERACION URBANA\01 DATASIG\DATOS MODELO MOVILIDAD\INFORMACIÓN\BICI\Vias_ciclistas_existentes\VC_1.shp,MADRID,-1,-1;BIDIRECCIO 'BIDIRECCIO' true true false 4 Short 0 4 ,First,#,I:\COMUN DG\00 REGENERACION URBANA\01 DATASIG\DATOS MODELO MOVILIDAD\INFORMACIÓN\BICI\Vias_ciclistas_existentes\VC_1.shp,BIDIRECCIO,-1,-1;OBJECTID 'OBJECTID' true true false 9 Long 0 9 ,First,#,I:\COMUN DG\00 REGENERACION URBANA\01 DATASIG\DATOS MODELO MOVILIDAD\INFORMACIÓN\BICI\Vias_ciclistas_existentes\VC_1.shp,OBJECTID,-1,-1;ID_VIA 'ID_VIA' true true false 9 Long 0 9 ,First,#,I:\COMUN DG\00 REGENERACION URBANA\01 DATASIG\DATOS MODELO MOVILIDAD\INFORMACIÓN\BICI\Vias_ciclistas_existentes\VC_1.shp,ID_VIA,-1,-1;ID_TRAMO 'ID_TRAMO' true true false 19 Double 0 0 ,First,#,I:\COMUN DG\00 REGENERACION URBANA\01 DATASIG\DATOS MODELO MOVILIDAD\INFORMACIÓN\BICI\Vias_ciclistas_existentes\VC_1.shp,ID_TRAMO,-1,-1;FID_1 'FID_1' true true false 9 Long 0 9 ,First,#,I:\COMUN DG\00 REGENERACION URBANA\01 DATASIG\DATOS MODELO MOVILIDAD\INFORMACIÓN\BICI\Vias_ciclistas_existentes\VC_1.shp,FID_1,-1,-1;OBJECTID_1 'OBJECTID_1' true true false 9 Long 0 9 ,First,#,I:\COMUN DG\00 REGENERACION URBANA\01 DATASIG\DATOS MODELO MOVILIDAD\INFORMACIÓN\BICI\Vias_ciclistas_existentes\VC_1.shp,OBJECTID_1,-1,-1;ID_VIA_1 'ID_VIA_1' true true false 7 Long 0 7 ,First,#,I:\COMUN DG\00 REGENERACION URBANA\01 DATASIG\DATOS MODELO MOVILIDAD\INFORMACIÓN\BICI\Vias_ciclistas_existentes\VC_1.shp,ID_VIA_1,-1,-1;NOMBRE_VIA 'NOMBRE_VIA' true true false 72 Text 0 0 ,First,#,I:\COMUN DG\00 REGENERACION URBANA\01 DATASIG\DATOS MODELO MOVILIDAD\INFORMACIÓN\BICI\Vias_ciclistas_existentes\VC_1.shp,NOMBRE_VIA,-1,-1;ID_ESTADO 'ID_ESTADO' true true false 11 Double 0 11 ,First,#,I:\COMUN DG\00 REGENERACION URBANA\01 DATASIG\DATOS MODELO MOVILIDAD\INFORMACIÓN\BICI\Vias_ciclistas_existentes\VC_1.shp,ID_ESTADO,-1,-1;ID 'ID' true true false 7 Long 0 7 ,First,#,I:\COMUN DG\00 REGENERACION URBANA\01 DATASIG\DATOS MODELO MOVILIDAD\INFORMACIÓN\BICI\Vias_ciclistas_existentes\VC_1.shp,ID,-1,-1;FUNCIONARI 'FUNCIONARI' true true false 26 Text 0 0 ,First,#,I:\COMUN DG\00 REGENERACION URBANA\01 DATASIG\DATOS MODELO MOVILIDAD\INFORMACIÓN\BICI\Vias_ciclistas_existentes\VC_1.shp,FUNCIONARI,-1,-1;ID_ACTUACI 'ID_ACTUACI' true true false 11 Double 0 11 ,First,#,I:\COMUN DG\00 REGENERACION URBANA\01 DATASIG\DATOS MODELO MOVILIDAD\INFORMACIÓN\BICI\Vias_ciclistas_existentes\VC_1.shp,ID_ACTUACI,-1,-1;NOMBRE_ORI 'NOMBRE_ORI' true true false 77 Text 0 0 ,First,#,I:\COMUN DG\00 REGENERACION URBANA\01 DATASIG\DATOS MODELO MOVILIDAD\INFORMACIÓN\BICI\Vias_ciclistas_existentes\VC_1.shp,NOMBRE_ORI,-1,-1;OBSERVACIO 'OBSERVACIO' true true false 61 Text 0 0 ,First,#,I:\COMUN DG\00 REGENERACION URBANA\01 DATASIG\DATOS MODELO MOVILIDAD\INFORMACIÓN\BICI\Vias_ciclistas_existentes\VC_1.shp,OBSERVACIO,-1,-1;LONGITUD_1 'LONGITUD_1' true true false 10 Double 0 10 ,First,#,I:\COMUN DG\00 REGENERACION URBANA\01 DATASIG\DATOS MODELO MOVILIDAD\INFORMACIÓN\BICI\Vias_ciclistas_existentes\VC_1.shp,LONGITUD_1,-1,-1;INICIO 'INICIO' true true false 59 Text 0 0 ,First,#,I:\COMUN DG\00 REGENERACION URBANA\01 DATASIG\DATOS MODELO MOVILIDAD\INFORMACIÓN\BICI\Vias_ciclistas_existentes\VC_1.shp,INICIO,-1,-1;FIN 'FIN' true true false 60 Text 0 0 ,First,#,I:\COMUN DG\00 REGENERACION URBANA\01 DATASIG\DATOS MODELO MOVILIDAD\INFORMACIÓN\BICI\Vias_ciclistas_existentes\VC_1.shp,FIN,-1,-1;BASE_URL 'BASE_URL' true true false 246 Text 0 0 ,First,#,I:\COMUN DG\00 REGENERACION URBANA\01 DATASIG\DATOS MODELO MOVILIDAD\INFORMACIÓN\BICI\Vias_ciclistas_existentes\VC_1.shp,BASE_URL,-1,-1;EXT_URL 'EXT_URL' true true false 254 Text 0 0 ,First,#,I:\COMUN DG\00 REGENERACION URBANA\01 DATASIG\DATOS MODELO MOVILIDAD\INFORMACIÓN\BICI\Vias_ciclistas_existentes\VC_1.shp,EXT_URL,-1,-1;NOTAS 'NOTAS' true true false 28 Text 0 0 ,First,#,I:\COMUN DG\00 REGENERACION URBANA\01 DATASIG\DATOS MODELO MOVILIDAD\INFORMACIÓN\BICI\Vias_ciclistas_existentes\VC_1.shp,NOTAS,-1,-1;SHAPE_LENG 'SHAPE_LENG' true true false 17 Double 11 16 ,First,#,I:\COMUN DG\00 REGENERACION URBANA\01 DATASIG\DATOS MODELO MOVILIDAD\INFORMACIÓN\BICI\Vias_ciclistas_existentes\VC_1.shp,SHAPE_LENG,-1,-1;COLOR 'COLOR' true true false 6 Long 0 6 ,First,#,I:\COMUN DG\00 REGENERACION URBANA\01 DATASIG\DATOS MODELO MOVILIDAD\INFORMACIÓN\BICI\Vias_ciclistas_existentes\VC_1.shp,COLOR,-1,-1;EXT_URL2 'EXT_URL2' true true false 85 Text 0 0 ,First,#,I:\COMUN DG\00 REGENERACION URBANA\01 DATASIG\DATOS MODELO MOVILIDAD\INFORMACIÓN\BICI\Vias_ciclistas_existentes\VC_1.shp,EXT_URL2,-1,-1" # "I:\COMUN DG\00 REGENERACION URBANA\01 DATASIG\DATOS MODELO MOVILIDAD\INFORMACIÓN\BICI\Vias_ciclistas_existentes\PROV.mdb\GIS\VC_1"</Process><Process ToolSource="C:\Program Files\ArcGIS\ArcToolbox\Toolboxes\Analysis Tools.tbx\Intersect" Date="20170228" Time="144214">Intersect "RED_CICLISTA #;Red_propuestaETRS89_REV #" "I:\COMUN DG\00 REGENERACION URBANA\01 DATASIG\DATOS MODELO MOVILIDAD\INFORMACIÓN\BICI\RED CICLISTA\RED_CICLISTA_Intersect1.shp" ALL # INPUT</Process><Process ToolSource="c:\program files\arcgis\desktop10.2\ArcToolbox\Toolboxes\Data Management Tools.tbx\CalculateField" Date="20171214" Time="091234">CalculateField "RED LOCAL" RED "BASICA" VB #</Process></lineage></DataProperties><MetaID>{5C99A2C3-A692-4205-A5D3-931E1F215FE7}</MetaID></Esri><idinfo><native Sync="TRUE">Microsoft Windows Vista Version 6.1 (Build 7601) Service Pack 1; ESRI ArcCatalog 9.3.1.3000</native><descript><langdata Sync="TRUE">es</langdata><abstract>REQUIRED: A brief narrative summary of the data set.</abstract><purpose>REQUIRED: A summary of the intentions with which the data set was developed.</purpose></descript><citation><citeinfo><origin>REQUIRED: The name of an organization or individual that developed the data set.</origin><pubdate>REQUIRED: The date when the data set is published or otherwise made available for release.</pubdate><title Sync="TRUE">RED_CICLISTA_Intersect1</title><ftname Sync="TRUE">RED_CICLISTA_Intersect1</ftname><geoform Sync="TRUE">vector digital data</geoform><onlink Sync="TRUE"></onlink></citeinfo></citation><timeperd><current>REQUIRED: The basis on which the time period of content information is determined.</current><timeinfo><sngdate><caldate>REQUIRED: The year (and optionally month, or month and day) for which the data set corresponds to the ground.</caldate></sngdate></timeinfo></timeperd><status><progress>REQUIRED: The state of the data set.</progress><update>REQUIRED: The frequency with which changes and additions are made to the data set after the initial data set is completed.</update></status><spdom><bounding><westbc Sync="TRUE">REQUIRED: Western-most coordinate of the limit of coverage expressed in longitude.</westbc><eastbc Sync="TRUE">REQUIRED: Eastern-most coordinate of the limit of coverage expressed in longitude.</eastbc><northbc Sync="TRUE">REQUIRED: Northern-most coordinate of the limit of coverage expressed in latitude.</northbc><southbc Sync="TRUE">REQUIRED: Southern-most coordinate of the limit of coverage expressed in latitude.</southbc></bounding></spdom><keywords><theme><themekt>REQUIRED: Reference to a formally registered thesaurus or a similar authoritative source of theme keywords.</themekt><themekey>REQUIRED: Common-use word or phrase used to describe the subject of the data set.</themekey></theme></keywords><accconst>REQUIRED: Restrictions and legal prerequisites for accessing the data set.</accconst><useconst>REQUIRED: Restrictions and legal prerequisites for using the data set after access is granted.</useconst><natvform Sync="TRUE">Shapefile</natvform></idinfo><dataIdInfo><envirDesc Sync="TRUE">Microsoft Windows Vista Version 6.1 (Build 7601) Service Pack 1; ESRI ArcCatalog 9.3.1.3000</envirDesc><dataLang><languageCode Sync="TRUE" value="es"></languageCode></dataLang><idCitation><resTitle Sync="TRUE">RED_CICLISTA_Intersect1</resTitle><presForm><PresFormCd Sync="TRUE" value="005"></PresFormCd></presForm></idCitation><spatRpType><SpatRepTypCd Sync="TRUE" value="001"></SpatRepTypCd></spatRpType></dataIdInfo><metainfo><langmeta Sync="TRUE">es</langmeta><metstdn Sync="TRUE">FGDC Content Standards for Digital Geospatial Metadata</metstdn><metstdv Sync="TRUE">FGDC-STD-001-1998</metstdv><mettc Sync="TRUE">local time</mettc><metc><cntinfo><cntorgp><cntper>REQUIRED: The person responsible for the metadata information.</cntper><cntorg>REQUIRED: The organization responsible for the metadata information.</cntorg></cntorgp><cntaddr><addrtype>REQUIRED: The mailing and/or physical address for the organization or individual.</addrtype><city>REQUIRED: The city of the address.</city><state>REQUIRED: The state or province of the address.</state><postal>REQUIRED: The ZIP or other postal code of the address.</postal></cntaddr><cntvoice>REQUIRED: The telephone number by which individuals can speak to the organization or individual.</cntvoice></cntinfo></metc><metd Sync="TRUE">20170228</metd><metextns><onlink Sync="TRUE">http://www.esri.com/metadata/esriprof80.html</onlink><metprof Sync="TRUE">ESRI Metadata Profile</metprof></metextns></metainfo><mdLang><languageCode Sync="TRUE" value="es"></languageCode></mdLang><mdStanName Sync="TRUE">ISO 19115 Geographic Information - Metadata</mdStanName><mdStanVer Sync="TRUE">DIS_ESRI1.0</mdStanVer><mdChar><CharSetCd Sync="TRUE" value="004"></CharSetCd></mdChar><mdHrLv><ScopeCd Sync="TRUE" value="005"></ScopeCd></mdHrLv><mdHrLvName Sync="TRUE">dataset</mdHrLvName><distinfo><resdesc Sync="TRUE">Downloadable Data</resdesc><stdorder><digform><digtinfo><transize Sync="TRUE">0,000</transize><dssize Sync="TRUE">0,000</dssize></digtinfo></digform></stdorder></distinfo><distInfo><distributor><distorTran><onLineSrc><orDesc Sync="TRUE">002</orDesc><linkage Sync="TRUE">file://</linkage><protocol Sync="TRUE">Local Area Network</protocol></onLineSrc><transSize Sync="TRUE">0,000</transSize></distorTran><distorFormat><formatName Sync="TRUE">Shapefile</formatName></distorFormat></distributor></distInfo><spdoinfo><direct Sync="TRUE">Vector</direct><ptvctinf><esriterm Name="RED_CICLISTA_Intersect1"><efeatyp Sync="TRUE">Simple</efeatyp><efeageom Sync="TRUE">Polyline</efeageom><esritopo Sync="TRUE">FALSE</esritopo><efeacnt Sync="TRUE">0</efeacnt><spindex Sync="TRUE">FALSE</spindex><linrefer Sync="TRUE">TRUE</linrefer></esriterm><sdtsterm Name="RED_CICLISTA_Intersect1"><sdtstype Sync="TRUE">String</sdtstype><ptvctcnt Sync="TRUE">0</ptvctcnt></sdtsterm></ptvctinf></spdoinfo><spatRepInfo><VectSpatRep><topLvl><TopoLevCd Sync="TRUE" value="001"></TopoLevCd></topLvl><geometObjs Name="RED_CICLISTA_Intersect1"><geoObjTyp><GeoObjTypCd Sync="TRUE" value="001"></GeoObjTypCd></geoObjTyp><geoObjCnt Sync="TRUE">0</geoObjCnt></geometObjs></VectSpatRep></spatRepInfo><eainfo><detailed Name="RED_CICLISTA_Intersect1"><enttyp><enttypl Sync="TRUE">RED_CICLISTA_Intersect1</enttypl><enttypt Sync="TRUE">Feature Class</enttypt><enttypc Sync="TRUE">0</enttypc></enttyp><attr><attrlabl Sync="TRUE">FID</attrlabl><attalias Sync="TRUE">FID</attalias><attrtype Sync="TRUE">OID</attrtype><attwidth Sync="TRUE">4</attwidth><atprecis Sync="TRUE">0</atprecis><attscale Sync="TRUE">0</attscale><attrdef Sync="TRUE">Internal feature number.</attrdef><attrdefs Sync="TRUE">ESRI</attrdefs><attrdomv><udom Sync="TRUE">Sequential unique whole numbers that are automatically generated.</udom></attrdomv></attr><attr><attrlabl Sync="TRUE">Shape</attrlabl><attalias Sync="TRUE">Shape</attalias><attrtype Sync="TRUE">Geometry</attrtype><attwidth Sync="TRUE">0</attwidth><atprecis Sync="TRUE">0</atprecis><attscale Sync="TRUE">0</attscale><attrdef Sync="TRUE">Feature geometry.</attrdef><attrdefs Sync="TRUE">ESRI</attrdefs><attrdomv><udom Sync="TRUE">Coordinates defining the features.</udom></attrdomv></attr><attr><attrlabl Sync="TRUE">FID_RED_CI</attrlabl><attalias Sync="TRUE">FID_RED_CI</attalias><attrtype Sync="TRUE">Number</attrtype><attwidth Sync="TRUE">9</attwidth></attr><attr><attrlabl Sync="TRUE">OBS</attrlabl><attalias Sync="TRUE">OBS</attalias><attrtype Sync="TRUE">String</attrtype><attwidth Sync="TRUE">254</attwidth></attr><attr><attrlabl Sync="TRUE">TIPO_VIA</attrlabl><attalias Sync="TRUE">TIPO_VIA</attalias><attrtype Sync="TRUE">String</attrtype><attwidth Sync="TRUE">25</attwidth></attr><attr><attrlabl Sync="TRUE">SENTIDO</attrlabl><attalias Sync="TRUE">SENTIDO</attalias><attrtype Sync="TRUE">String</attrtype><attwidth Sync="TRUE">10</attwidth></attr><attr><attrlabl Sync="TRUE">BIDIRECCIO</attrlabl><attalias Sync="TRUE">BIDIRECCIO</attalias><attrtype Sync="TRUE">Number</attrtype><attwidth Sync="TRUE">4</attwidth></attr><attr><attrlabl Sync="TRUE">OBJECTID</attrlabl><attalias Sync="TRUE">OBJECTID</attalias><attrtype Sync="TRUE">Number</attrtype><attwidth Sync="TRUE">9</attwidth></attr><attr><attrlabl Sync="TRUE">ID_VIA</attrlabl><attalias Sync="TRUE">ID_VIA</attalias><attrtype Sync="TRUE">Number</attrtype><attwidth Sync="TRUE">9</attwidth></attr><attr><attrlabl Sync="TRUE">ID_VIA_1</attrlabl><attalias Sync="TRUE">ID_VIA_1</attalias><attrtype Sync="TRUE">Number</attrtype><attwidth Sync="TRUE">9</attwidth></attr><attr><attrlabl Sync="TRUE">NOMBRE_VIA</attrlabl><attalias Sync="TRUE">NOMBRE_VIA</attalias><attrtype Sync="TRUE">String</attrtype><attwidth Sync="TRUE">72</attwidth></attr><attr><attrlabl Sync="TRUE">ID</attrlabl><attalias Sync="TRUE">ID</attalias><attrtype Sync="TRUE">Number</attrtype><attwidth Sync="TRUE">9</attwidth></attr><attr><attrlabl Sync="TRUE">ID_ACTUACI</attrlabl><attalias Sync="TRUE">ID_ACTUACI</attalias><attrtype Sync="TRUE">Float</attrtype><attwidth Sync="TRUE">19</attwidth><atnumdec Sync="TRUE">11</atnumdec></attr><attr><attrlabl Sync="TRUE">INICIO</attrlabl><attalias Sync="TRUE">INICIO</attalias><attrtype Sync="TRUE">String</attrtype><attwidth Sync="TRUE">59</attwidth></attr><attr><attrlabl Sync="TRUE">FIN</attrlabl><attalias Sync="TRUE">FIN</attalias><attrtype Sync="TRUE">String</attrtype><attwidth Sync="TRUE">60</attwidth></attr><attr><attrlabl Sync="TRUE">FID_Red_pr</attrlabl><attalias Sync="TRUE">FID_Red_pr</attalias><attrtype Sync="TRUE">Number</attrtype><attwidth Sync="TRUE">9</attwidth></attr><attr><attrlabl Sync="TRUE">Long</attrlabl><attalias Sync="TRUE">Long</attalias><attrtype Sync="TRUE">Number</attrtype><attwidth Sync="TRUE">4</attwidth></attr><attr><attrlabl Sync="TRUE">Estado</attrlabl><attalias Sync="TRUE">Estado</attalias><attrtype Sync="TRUE">String</attrtype><attwidth Sync="TRUE">30</attwidth></attr><attr><attrlabl Sync="TRUE">Tipo_VC</attrlabl><attalias Sync="TRUE">Tipo_VC</attalias><attrtype Sync="TRUE">String</attrtype><attwidth Sync="TRUE">25</attwidth></attr><attr><attrlabl Sync="TRUE">OBS_1</attrlabl><attalias Sync="TRUE">OBS_1</attalias><attrtype Sync="TRUE">String</attrtype><attwidth Sync="TRUE">254</attwidth></attr><attr><attrlabl Sync="TRUE">SHAPE_LENG</attrlabl><attalias Sync="TRUE">Shape_Leng</attalias><attrtype Sync="TRUE">Double</attrtype><attwidth Sync="TRUE">19</attwidth><atprecis Sync="TRUE">0</atprecis><attscale Sync="TRUE">0</attscale></attr><attr><attrlabl Sync="TRUE">NOMBRE_V_1</attrlabl><attalias Sync="TRUE">NOMBRE_V_1</attalias><attrtype Sync="TRUE">String</attrtype><attwidth Sync="TRUE">72</attwidth></attr><attr><attrlabl Sync="TRUE">INICIO_1</attrlabl><attalias Sync="TRUE">INICIO_1</attalias><attrtype Sync="TRUE">String</attrtype><attwidth Sync="TRUE">59</attwidth></attr><attr><attrlabl Sync="TRUE">FIN_1</attrlabl><attalias Sync="TRUE">FIN_1</attalias><attrtype Sync="TRUE">String</attrtype><attwidth Sync="TRUE">60</attwidth></attr><attr><attrlabl Sync="TRUE">RED</attrlabl><attalias Sync="TRUE">RED</attalias><attrtype Sync="TRUE">String</attrtype><attwidth Sync="TRUE">15</attwidth></attr></detailed></eainfo><mdDateSt Sync="TRUE">20170228</mdDateSt><dataqual><lineage><procstep><procdesc Sync="TRUE">Dataset copied.</procdesc><srcused Sync="TRUE">\\fsurba02\dgeu\COMUN DG\00 REGENERACION URBANA\01 DATASIG\DATOS MODELO MOVILIDAD\INFORMACIÓN\BICI\Vias_ciclistas_existentes\PROV.mdb</srcused><procdate Sync="TRUE">20161116</procdate><proctime Sync="TRUE">15044500</proctime></procstep><procstep><procdesc Sync="TRUE">Dataset copied.</procdesc><srcused Sync="TRUE"></srcused><procdate Sync="TRUE">20170126</procdate><proctime Sync="TRUE">12050000</proctime></procstep><procstep><procdesc Sync="TRUE">Dataset copied.</procdesc><srcused Sync="TRUE"></srcused><procdate Sync="TRUE">20170228</procdate><proctime Sync="TRUE">11453800</proctime></procstep><procstep><procdesc Sync="TRUE">Dataset copied.</procdesc><srcused Sync="TRUE"></srcused><procdate Sync="TRUE">20170301</procdate><proctime Sync="TRUE">07560300</proctime></procstep><procstep><procdesc Sync="TRUE">Dataset copied.</procdesc><srcused Sync="TRUE"></srcused><procdate Sync="TRUE">20180425</procdate><proctime Sync="TRUE">13350300</proctime></procstep><procstep><procdesc Sync="TRUE">Dataset copied.</procdesc><srcused Sync="TRUE"></srcused><procdate Sync="TRUE">20180425</procdate><proctime Sync="TRUE">15125600</proctime></procstep></lineage></dataqual><spref><horizsys><cordsysn><geogcsn Sync="TRUE">GCS_ETRS_1989</geogcsn><projcsn Sync="TRUE">ETRS_1989_UTM_Zone_30N</projcsn></cordsysn><planar><mapproj><mapprojn Sync="TRUE">Transverse Mercator</mapprojn><transmer><sfctrmer Sync="TRUE">0.999600</sfctrmer><longcm Sync="TRUE">-3.000000</longcm><latprjo Sync="TRUE">0.000000</latprjo><feast Sync="TRUE">500000.000000</feast><fnorth Sync="TRUE">0.000000</fnorth></transmer></mapproj><planci><plance Sync="TRUE">coordinate pair</plance><plandu Sync="TRUE">meters</plandu><coordrep><absres Sync="TRUE">0.000000</absres><ordres Sync="TRUE">0.000000</ordres></coordrep></planci></planar><geodetic><horizdn Sync="TRUE">D_ETRS_1989</horizdn><ellips Sync="TRUE">Geodetic Reference System 80</ellips><semiaxis Sync="TRUE">6378137.000000</semiaxis><denflat Sync="TRUE">298.257222</denflat></geodetic></horizsys><vertdef><altsys><altenc Sync="TRUE">Explicit elevation coordinate included with horizontal coordinates</altenc><altres Sync="TRUE">0.000100</altres></altsys></vertdef></spref><refSysInfo><RefSystem><refSysID><identCode Sync="TRUE">ETRS_1989_UTM_Zone_30N</identCode></refSysID></RefSystem></refSysInfo></metadata>
