<?xml version="1.0"?>
<!--<!DOCTYPE metadata SYSTEM "http://www.esri.com/metadata/esriprof80.dtd">-->
<metadata xml:lang="es"><Esri><MetaID>{5020C242-AE69-43EE-9158-7CD6695CCAD2}</MetaID><CreaDate>20140226</CreaDate><CreaTime>13064500</CreaTime><SyncOnce>TRUE</SyncOnce><DataProperties><lineage><Process ToolSource="C:\Archivos de programa\ArcGIS\ArcToolbox\Toolboxes\Data Management Tools.tbx\AddField" Date="20140226" Time="130645">AddField AVANZA_BICI TIPO TEXT # # 12 # NON_NULLABLE NON_REQUIRED # AVANZA_BICI</Process></lineage></DataProperties></Esri></metadata>
